method,terms,threshold,recall,specificity,precision,fpr,precision_n
hypergeometric,1,0,0.07,0.999990355891139,0.4281135531135531,0.000009644108860819044,7
hypergeometric,1,8.625350650926818e-282,0.08,0.9999880036694657,0.4137544802867383,0.000011996330534189542,8
hypergeometric,1,3.2714644626382295e-183,0.11,0.9999750664502625,0.4000580914183855,0.000024933549737727284,11
hypergeometric,1,7.935479072872568e-139,0.15,0.9999618940088913,0.3058316303579461,0.00003810599110860207,15
hypergeometric,1,6.820453860600546e-114,0.15,0.9999487215675206,0.18242363484468746,0.000051278432479476865,15
hypergeometric,1,4.10963702708464e-94,0.18,0.9999355491261497,0.21371662770201044,0.00006445087385035167,18
hypergeometric,1,2.252697152394536e-84,0.2,0.9999223766847788,0.18595176202390284,0.00007762331522122645,20
hypergeometric,1,1.0528307962598108e-72,0.22,0.9999092042434079,0.2418197326831727,0.00009079575659210125,22
hypergeometric,1,1.2897829369745702e-65,0.25,0.9998962670242044,0.3246273929827852,0.00010373297579563901,25
hypergeometric,1,3.6961307568925047e-60,0.26,0.9998828593606661,0.28131345275746567,0.00011714063933385084,26
hypergeometric,1,4.541065639483272e-56,0.28,0.9998696869192952,0.29888078471272467,0.00013031308070472563,28
hypergeometric,1,4.3337781595389026e-51,0.29,0.999856279255757,0.27087527228550135,0.00014372074424293747,29
hypergeometric,1,1.1633602472753712e-46,0.29,0.9998421659257165,0.2047447907150665,0.0001578340742831605,29
hypergeometric,1,8.9312306438321e-44,0.31,0.9998292287065134,0.21885343454864944,0.0001707712934866982,31
hypergeometric,1,1.3192965782255634e-40,0.32,0.9998158210429752,0.22272569304134682,0.0001841789570249101,32
hypergeometric,1,9.060908104149761e-39,0.34,0.9998026486016043,0.2259018364761652,0.00019735139839578488,34
hypergeometric,1,2.5184171437781e-36,0.36,0.9997892409380659,0.22920464368730636,0.00021075906193399676,36
hypergeometric,1,2.67768826111825e-34,0.38,0.999776068496695,0.24134073596320496,0.00022393150330487152,38
hypergeometric,1,1.8690797803916685e-32,0.39,0.9997626608331572,0.24408936349921595,0.00023733916684308336,39
hypergeometric,1,3.7190701200878195e-31,0.39,0.9997490179474514,0.2116436025921425,0.00025098205254863224,39
hypergeometric,1,2.638958873065585e-29,0.41,0.9997358455060805,0.24793693235970005,0.00026415449391950697,41
hypergeometric,1,3.6300621165180655e-28,0.42,0.9997224378425423,0.2509422628110857,0.0002775621574577188,42
hypergeometric,1,3.870164079369041e-27,0.43,0.9997090301790041,0.2513426172690051,0.00029096982099593077,43
hypergeometric,1,3.478531498252267e-26,0.44,0.9996953872932985,0.26482566353027664,0.0003046127067014796,44
hypergeometric,1,4.1160202878246695e-25,0.44,0.9996812739632585,0.2511498297991828,0.00031872603674170253,44
hypergeometric,1,2.6334615097429156e-24,0.45,0.9996683367440548,0.2488084761149461,0.0003316632559452403,45
hypergeometric,1,1.4514129995014865e-23,0.47,0.999655164302684,0.2731581095828219,0.00034483569731611505,47
hypergeometric,1,1.22785294762641e-22,0.51,0.9996424623056476,0.3132432326746907,0.00035753769435231594,51
hypergeometric,1,7.33485525017515e-22,0.51,0.9996285841977745,0.284818180404351,0.00037141580222520184,51
hypergeometric,1,4.336746995571985e-21,0.52,0.9996151765342364,0.26802277635993005,0.00038482346576341363,52
hypergeometric,1,1.385238578263707e-20,0.53,0.9996017688706981,0.27661872716971214,0.00039823112930162553,53
hypergeometric,1,4.721669205430938e-20,0.56,0.9995888316514945,0.2958116820779714,0.0004111683485051632,56
hypergeometric,1,1.748734046898525e-19,0.56,0.9995751887657892,0.2689869854301349,0.00042481123421071217,56
hypergeometric,1,4.696493084488259e-19,0.56,0.9995610754357491,0.2645778155797881,0.00043892456425093497,56
hypergeometric,1,1.1029270991859855e-18,0.57,0.9995479029943783,0.26300128035168796,0.0004520970056218099,57
hypergeometric,1,2.993297857758879e-18,0.57,0.9995342601086726,0.2381760910395107,0.0004657398913273587,57
hypergeometric,1,6.867493062337211e-18,0.58,0.9995201467786327,0.24457017974045556,0.0004798532213675818,58
hypergeometric,1,2.003883033386333e-17,0.58,0.9995072095594287,0.23482858377810553,0.0004927904405711195,58
hypergeometric,1,4.7376435734648036e-17,0.58,0.9994935666737231,0.21493329267565098,0.0005064333262766684,58
hypergeometric,1,1.0261113436668194e-16,0.59,0.9994792181215157,0.2189156494359954,0.0005207818784842284,59
hypergeometric,1,2.2391432160209637e-16,0.6,0.9994665161244796,0.22955519988269737,0.0005334838755204291,60
hypergeometric,1,6.236330710505017e-16,0.6,0.9994528732387739,0.2175103864143118,0.000547126761225978,60
hypergeometric,1,1.3706387281913456e-15,0.6,0.9994389951309011,0.2060582980048172,0.000561004869098864,60
hypergeometric,1,3.2532829322719905e-15,0.6,0.9994255874673631,0.2023501746926638,0.0005744125326370756,60
hypergeometric,1,6.220863128663326e-15,0.61,0.999412179803825,0.18932870799780904,0.0005878201961752876,61
hypergeometric,1,1.4555720305357003e-14,0.63,0.9993987721402867,0.19462754369456914,0.0006012278597134997,63
hypergeometric,1,3.28332926419956e-14,0.63,0.999385129254581,0.1917201371852853,0.0006148707454190484,63
hypergeometric,1,5.961871796315947e-14,0.63,0.9993714863688757,0.18972899808587143,0.0006285136311245972,63
hypergeometric,1,1.1928597913438627e-13,0.63,0.9993578434831697,0.18252068243150685,0.0006421565168301461,63
hypergeometric,1,2.0264386537201238e-13,0.63,0.9993442005974643,0.16763303828404252,0.000655799402535695,63
hypergeometric,1,2.9618887716849046e-13,0.63,0.9993303224895915,0.1645658585288087,0.000669677510408581,63
hypergeometric,1,5.279586746634405e-13,0.63,0.9993166796038863,0.14896512049502603,0.0006833203961141296,63
hypergeometric,1,8.062358525583992e-13,0.64,0.9993032719403477,0.16079243444306984,0.0006967280596523413,64
hypergeometric,1,1.4612837416574998e-12,0.64,0.9992896290546421,0.15506830608462258,0.0007103709453578904,64
hypergeometric,1,2.3167908365685792e-12,0.65,0.9992762213911038,0.16453097953360804,0.0007237786088961022,65
hypergeometric,1,3.881095875844105e-12,0.66,0.9992628137275655,0.16716966004572256,0.0007371862724343144,66
hypergeometric,1,6.1343263572843444e-12,0.66,0.9992489356196924,0.1613682244046175,0.0007510643803072001,66
hypergeometric,1,1.0475644550909175e-11,0.66,0.9992350575118196,0.15315459043265095,0.0007649424881800859,66
hypergeometric,1,1.4224795280777849e-11,0.68,0.9992221202926163,0.16866519880260658,0.000777879707383624,68
hypergeometric,1,1.983435421205266e-11,0.68,0.999208477406911,0.16723797235818766,0.0007915225930891728,68
hypergeometric,1,2.8568749091272734e-11,0.7,0.99919530496554,0.1828002130199623,0.0008046950344600475,70
hypergeometric,1,4.928350277340373e-11,0.7,0.9991816620798345,0.18049471206517734,0.0008183379201655964,70
hypergeometric,1,7.64976815682803e-11,0.7,0.9991651965281209,0.17847135276301995,0.0008348034718791899,70
hypergeometric,1,1.1360079035299993e-10,0.7,0.9991541410862557,0.1698830313844731,0.0008458589137440312,70
hypergeometric,1,1.5925826091474226e-10,0.7,0.9991404982005503,0.16893100050988571,0.0008595017994495799,70
hypergeometric,1,2.4358783562707043e-10,0.7,0.9991268553148447,0.16777796554227012,0.000873144685155129,70
hypergeometric,1,3.670677953431497e-10,0.7,0.9991127419848047,0.15981334743474687,0.0008872580151953518,70
hypergeometric,1,5.168850824464887e-10,0.71,0.9990995695434336,0.16187935942748913,0.0009004304565662268,71
hypergeometric,1,7.024163677927652e-10,0.71,0.999085926657728,0.15995975645321833,0.0009140733422717756,71
hypergeometric,1,9.028324072291894e-10,0.75,0.9990732246606921,0.18544768263767325,0.0009267753393079753,75
hypergeometric,1,1.3752503502094164e-9,0.76,0.9990598169971537,0.1952814786095364,0.0009401830028461874,76
hypergeometric,1,1.82374837201314e-9,0.76,0.9990461741114478,0.1880054431701808,0.0009538258885517363,76
hypergeometric,1,2.558496484157226e-9,0.78,0.9990330016700768,0.20123857346146082,0.0009669983299226116,78
hypergeometric,1,3.515723939713187e-9,0.79,0.9990193587843713,0.200586409599089,0.0009806412156281605,79
hypergeometric,1,4.3224152769328185e-9,0.8,0.9990057158986657,0.20796027440736017,0.0009942841013337092,80
hypergeometric,1,6.028329765574076e-9,0.8,0.998992308235128,0.20590035981673646,0.001007691764871921,80
hypergeometric,1,7.93154318019508e-9,0.8,0.9989786653494224,0.20435040957140163,0.0010213346505774698,80
hypergeometric,1,1.0316624751926888e-8,0.8,0.9989650224637165,0.19622028174501216,0.0010349775362830187,80
hypergeometric,1,1.324434192251592e-8,0.8,0.9989511443558434,0.18741020912510997,0.0010488556441559046,80
hypergeometric,1,1.8715126466365494e-8,0.8,0.9989375014701382,0.1829848295106348,0.0010624985298614536,80
hypergeometric,1,2.358335635053468e-8,0.8,0.9989238585844328,0.17976448929194005,0.0010761414155670025,80
hypergeometric,1,2.956481838723559e-8,0.8,0.9989102156987273,0.1787184155593257,0.0010897843012725513,80
hypergeometric,1,3.898808457970271e-8,0.8,0.9988965728130215,0.17064287412175114,0.0011034271869781002,80
hypergeometric,1,5.3117911517929526e-8,0.8,0.9988829299273162,0.1682615349008657,0.0011170700726836492,80
hypergeometric,1,6.62500116339023e-8,0.8,0.9988690518194435,0.16551705438486936,0.0011309481805565353,80
hypergeometric,1,7.920357269808581e-8,0.8,0.9988554089337377,0.1640433562468307,0.0011445910662620843,80
hypergeometric,1,9.94319482886123e-8,0.8,0.9988417660480322,0.1572327070479535,0.001158233951967633,80
hypergeometric,1,1.2646244329989853e-7,0.8,0.9988281231623267,0.15342797376547063,0.001171876837673182,80
hypergeometric,1,1.4417163596600428e-7,0.8,0.998814480276621,0.1468750345041811,0.0011855197233787307,80
hypergeometric,1,1.7583479949264969e-7,0.8,0.9988006021687486,0.14231173956563847,0.0011993978312516169,80
hypergeometric,1,2.0456787932426101e-7,0.8,0.9987869592830431,0.14115752024642214,0.0012130407169571658,80
hypergeometric,1,2.4315176010724415e-7,0.8,0.9987733163973376,0.13842851818554297,0.0012266836026627148,80
hypergeometric,1,2.9745364869866746e-7,0.8,0.9987596735116319,0.12896415851289697,0.0012403264883682635,80
hypergeometric,1,3.4705992685956134e-7,0.8,0.9987460306259263,0.12775381333895258,0.0012539693740738125,80
hypergeometric,1,4.167285088018306e-7,0.8,0.9987300355185471,0.1269447583254024,0.0012699644814527316,80
hypergeometric,1,4.723266317617547e-7,0.8,0.9987185096323473,0.11142792109462973,0.0012814903676522471,80
hypergeometric,1,5.83533203856112e-7,0.8,0.9987048667466419,0.11045066835978996,0.0012951332533577959,80
hypergeometric,1,6.898099636675153e-7,0.8,0.9986912238609368,0.10867466873719342,0.0013087761390633446,80
hypergeometric,1,8.326469554581287e-7,0.8,0.9986775809752314,0.10711816121377679,0.0013224190247688942,80
hypergeometric,1,9.787539908594126e-7,0.8,0.9986637028673583,0.10587436504486603,0.0013362971326417803,80
hypergeometric,1,0.0000011733027149435214,0.81,0.99865029520382,0.11091822020073151,0.0013497047961799913,81
model,1,0.01,1,0.9996619857455371,0.18737523889800645,0.00033801425446334084,100
model,1,0.010246153846153846,1,0.9996655140780472,0.18879374749279848,0.000334485921953285,100
model,1,0.010445859872611466,1,0.999669042410557,0.18905785879530376,0.00033095758944322936,100
model,1,0.010664335664335665,1,0.9996728059652346,0.19477335906458376,0.00032719403476583653,100
model,1,0.010827740492170022,1,0.9996763342977446,0.19523928030502216,0.0003236657022557808,100
model,1,0.011163636363636363,1,0.9996798626302545,0.19782882456753179,0.00032013736974572505,100
model,1,0.011399046104928458,1,0.9996833909627647,0.19890044753519046,0.00031660903723566933,100
model,1,0.011620689655172415,1,0.9996869192952748,0.19946122910855224,0.0003130807047256135,100
model,1,0.011914460285132383,1,0.9996906828499523,0.20199692766556793,0.00030931715004822074,100
model,1,0.012163187855787476,1,0.9996944464046296,0.20329214212980581,0.0003055535953708279,100
model,1,0.012674897119341564,1,0.9996979747371395,0.2088946081776074,0.0003020252628607721,100
model,1,0.013310104529616725,1,0.9997015030696497,0.2118061686110141,0.0002984969303507164,100
model,1,0.013751987281399047,1,0.9997052666243271,0.21318292806259123,0.00029473337567332365,100
model,1,0.014132841328413285,1,0.9997087949568371,0.21495343795796312,0.0002912050431632679,100
model,1,0.014489795918367347,1,0.9997125585115141,0.21560991687191539,0.0002874414884858751,100
model,1,0.014780405405405405,1,0.9997160868440244,0.21718734925202526,0.0002839131559758194,100
model,1,0.015302013422818792,1,0.9997196151765341,0.22445279678836016,0.0002803848234657636,100
model,1,0.01597667638483965,1,0.9997233787312116,0.2263845631543936,0.00027662126878837085,100
model,1,0.016317567567567567,1,0.9997269070637218,0.22753277817439724,0.00027309293627831514,100
model,1,0.016908783783783785,1,0.9997304353962317,0.22874199556834718,0.0002695646037682594,100
model,1,0.017494033412887827,1,0.9997341989509091,0.23081148499092394,0.00026580104909086665,100
model,1,0.01804195804195804,1,0.9997377272834196,0.23150560191259223,0.00026227271658081083,100
model,1,0.018542914171656686,1,0.9997412556159297,0.23231241223586682,0.00025874438407075517,100
model,1,0.019164835164835164,1,0.9997450191706071,0.23436337998330856,0.00025498082939336234,100
model,1,0.01942122186495177,1,0.9997485475031173,0.2352150542450552,0.0002514524968833065,100
model,1,0.020446194225721786,1,0.9997523110577947,0.23614430612592233,0.0002476889422059138,100
model,1,0.02103960396039604,1,0.9997558393903048,0.2368693847898242,0.00024416060969585803,100
model,1,0.021937086092715233,1,0.9997593677228146,0.23928354172846802,0.00024063227718580223,100
model,1,0.02322033898305085,1,0.999763131277492,0.2398897125298446,0.00023686872250840943,100
model,1,0.023997289972899728,1,0.9997666596100018,0.24107246059391546,0.00023334038999835366,100
model,1,0.02479020979020979,1,0.9997701879425119,0.24321231286913328,0.00022981205748829787,100
model,1,0.0256797583081571,1,0.9997739514971893,0.2461333301105858,0.00022604850281090504,100
model,1,0.02694214876033058,1,0.9997774798296991,0.24715153211486768,0.00022252017030084933,100
model,1,0.02817987152034261,1,0.9997810081622095,0.25022748858948257,0.00021899183779079353,100
model,1,0.028991769547325102,1,0.9997847717168871,0.2516529005725754,0.00021522828311340073,100
model,1,0.029794238683127573,1,0.999788300049397,0.25281969322701164,0.00021169995060334502,100
model,1,0.030732323232323232,1,0.9997918283819069,0.2603151144904875,0.00020817161809328927,100
model,1,0.031732456140350876,1,0.9997955919365842,0.2626228583096123,0.0002044080634158965,100
model,1,0.032415169660678644,1,0.9997991202690945,0.26352020224167094,0.00020087973090584073,100
model,1,0.033710021321961624,1,0.9998028838237718,0.2681287663396559,0.00019711617622844793,100
model,1,0.03548037889039242,0.99,0.9998061769341146,0.2682442992058159,0.00019382306588572925,100
model,1,0.03679054054054054,0.99,0.9998097052666247,0.2707233740170518,0.0001902947333756735,100
model,1,0.03788065843621399,0.99,0.9998134688213023,0.2721923839540786,0.0001865311786982807,100
model,1,0.03969230769230769,0.99,0.9998169971538122,0.27312553423479685,0.00018300284618822494,100
model,1,0.04190594059405941,0.99,0.9998205254863223,0.27369469835883903,0.00017947451367816922,100
model,1,0.044123076923076925,0.99,0.9998242890409996,0.27517248513042447,0.00017571095900077642,100
model,1,0.04570909090909091,0.99,0.9998278173735098,0.27637523735120745,0.00017218262649072068,100
model,1,0.048211920529801326,0.99,0.99983134570602,0.27766846910894233,0.00016865429398066497,100
model,1,0.05061224489795919,0.99,0.9998351092606973,0.2801145069693024,0.00016489073930327214,100
model,1,0.052575757575757574,0.99,0.9998386375932072,0.2819121724680549,0.00016136240679321637,100
model,1,0.054407894736842106,0.99,0.9998424011478846,0.28964693743076103,0.0001575988521158235,100
model,1,0.057344497607655504,0.99,0.9998459294803946,0.2929993201243202,0.00015407051960576775,100
model,1,0.059763513513513514,0.99,0.9998494578129048,0.2970975667701474,0.000150542187095712,100
model,1,0.06216318785578748,0.99,0.9998532213675821,0.2994782499664079,0.0001467786324183192,100
model,1,0.06421717171717171,0.99,0.9998567497000921,0.30248918975126066,0.0001432502999082635,100
model,1,0.0661168384879725,0.99,0.999860278032602,0.30481454290052684,0.00013972196739820775,100
model,1,0.06967078189300412,0.99,0.9998640415872795,0.3065864790117078,0.00013595841272081492,100
model,1,0.07341463414634146,0.99,0.9998675699197893,0.31247215912107207,0.00013243008021075915,100
model,1,0.07633262260127932,0.99,0.9998710982522993,0.32114708550188076,0.00012890174770070339,100
model,1,0.08018181818181819,0.99,0.9998748618069768,0.3231807272986804,0.00012513819302331056,100
model,1,0.08287128712871288,0.99,0.999878390139487,0.32649370379362624,0.00012160986051325483,100
model,1,0.08839572192513369,0.99,0.999881918471997,0.3287980710660242,0.00011808152800319912,100
model,1,0.0956,0.99,0.9998856820266744,0.3318439564821143,0.0001143179733258063,100
model,1,0.10050377833753149,0.99,0.9998892103591843,0.3348630988894147,0.00011078964081575057,100
model,1,0.10512626262626262,0.99,0.9998929739138614,0.34506298642018457,0.00010702608613835781,100
model,1,0.11189393939393939,0.99,0.9998965022463717,0.3478800951800178,0.00010349775362830207,100
model,1,0.11772727272727272,0.99,0.9999000305788815,0.3502645728454552,0.00009996942111824632,100
model,1,0.1238888888888889,0.99,0.999903794133559,0.35787576617568884,0.00009620586644085353,100
model,1,0.13017326732673268,0.99,0.9999073224660691,0.36048679506767756,0.0000926775339307978,100
model,1,0.13872727272727273,0.99,0.9999108507985791,0.36333203316291557,0.00008914920142074205,100
model,1,0.14505330490405116,0.99,0.9999146143532563,0.37827355977355986,0.00008538564674334923,100
model,1,0.15687912087912087,0.99,0.9999181426857663,0.3857124125874127,0.00008185731423329345,100
model,1,0.1649846153846154,0.99,0.9999216710182763,0.3989286824286827,0.00007832898172323768,100
model,1,0.18051724137931036,0.99,0.999925434572954,0.4103185425685427,0.00007456542704584488,100
model,1,0.19237931034482758,0.98,0.9999287276832969,0.40923326673326693,0.00007127231670312619,100
model,1,0.20709595959595958,0.98,0.9999324912379742,0.41580072705072724,0.0000675087620257334,100
model,1,0.21633401221995927,0.97,0.9999357843483169,0.4194011544011546,0.0000642156516830147,100
model,1,0.23579310344827586,0.97,0.9999393126808268,0.4291435786435789,0.000060687319172958927,100
model,1,0.2563131313131313,0.96,0.9999428410133369,0.4357547334820064,0.00005715898666290317,99
model,1,0.2768,0.95,0.9999461341236795,0.43582251082251106,0.00005386587632018446,99
model,1,0.2923457544288332,0.94,0.9999494272340225,0.45292759961127327,0.00005057276597746575,98
model,1,0.3330067567567568,0.93,0.9999529555665323,0.4614955357142858,0.000047044433467409995,96
model,1,0.3673019801980198,0.93,0.9999564838990422,0.4739087301587302,0.00004351610095735423,96
model,1,0.38362459546925565,0.93,0.999960012231552,0.4858754960317461,0.00003998776844729848,96
model,1,0.4375838926174497,0.92,0.999963540564062,0.5072296626984129,0.00003645943593724272,96
model,1,0.47365558912386707,0.92,0.9999670688965722,0.5269345238095239,0.000032931103427186974,96
model,1,0.501228861330327,0.9,0.9999701267847476,0.5416791979949876,0.00002987321525180533,95
model,1,0.5606529209621993,0.88,0.9999734198950903,0.5643617021276596,0.000026580104909086633,94
model,1,0.6122606924643584,0.86,0.9999764777832657,0.5989130434782609,0.000023522216733704984,92
model,1,0.6444844597927972,0.86,0.9999802413379433,0.6418518518518521,0.000019758662056312187,90
model,1,0.6880855397148676,0.83,0.9999830640039512,0.6674329501915711,0.000016935996048267587,87
model,1,0.7474257425742574,0.82,0.999986357114294,0.7217054263565893,0.00001364288570554889,86
model,1,0.7833262711864407,0.81,0.999989885446804,0.7781746031746033,0.000010114553195493144,84
model,1,0.8298267326732673,0.78,0.9999927081128124,0.8317073170731706,0.000007291887187448545,82
model,1,0.8696688741721854,0.73,0.9999950603344857,0.8673245614035087,0.000004939665514078047,76
model,1,0.9140104166666667,0.69,0.9999978830004939,0.9225352112676056,0.0000021169995060334484,71
model,1,0.984826883910387,0.61,0.9999995295556653,0.9758064516129032,4.704443346740997e-7,62
model,1,0.999198606271777,0.47,0.9999997647778326,0.9893617021276596,2.3522216733704985e-7,47
model,1,1,0.46,1,1,0,46
hypergeometric,2,0,0.065,0.9999731840421527,0.22370933490842995,0.000026815957847196084,13
hypergeometric,2,5.177087658075475e-201,0.09,0.9999494260444111,0.2050887740861705,0.00005057395558901016,17
hypergeometric,2,6.518538306371403e-148,0.125,0.9999235509973655,0.3230587224401584,0.00007644900263455025,24
hypergeometric,2,1.3584637269007772e-118,0.14,0.9998964998118177,0.2660409879703427,0.00010350018818216032,27
hypergeometric,2,1.0228195022062881e-97,0.17,0.9998710952201729,0.33406965411562206,0.00012890477982687243,33
hypergeometric,2,8.573166486667886e-87,0.215,0.9998459258562288,0.30630049852760216,0.0001540741437711705,41
hypergeometric,2,1.5859795375785493e-76,0.235,0.9998195803537823,0.2843441019300975,0.0001804196462175386,43
hypergeometric,2,2.2772554700147635e-70,0.265,0.9997934700790364,0.28271208315769575,0.00020652992096349275,47
hypergeometric,2,4.300977970106277e-65,0.265,0.9997661836657883,0.24243300330529652,0.00023381633421151678,47
hypergeometric,2,2.3187533691057208e-61,0.265,0.9997386620248401,0.20273769251156168,0.00026133797515995495,47
hypergeometric,2,6.849924479224708e-57,0.27,0.9997116108392927,0.18870312486215524,0.000288389160707565,48
hypergeometric,2,2.5771304540511095e-53,0.27,0.9996843244260445,0.17751530855905817,0.00031567557395558907,48
hypergeometric,2,4.113035192598133e-50,0.275,0.9996572732404967,0.15859149473554982,0.00034272675950319906,48
hypergeometric,2,1.9347083050165151e-47,0.295,0.9996309277380506,0.20908623122133052,0.00036907226194956725,52
hypergeometric,2,6.413443692051931e-44,0.295,0.9996031708694013,0.1835396975685484,0.00039682913059841925,52
hypergeometric,2,1.0936313718916405e-41,0.3,0.9995763549115546,0.1788647030678714,0.0004236450884456152,53
hypergeometric,2,1.3185398270740622e-39,0.305,0.9995488332706058,0.19010914013122737,0.00045116672939405326,54
hypergeometric,2,6.729223442752083e-38,0.315,0.9995222525404591,0.19389712240604928,0.0004777474595408355,55
hypergeometric,2,3.622168665723984e-36,0.325,0.9994954365826121,0.20799484964889908,0.0005045634173880316,57
hypergeometric,2,1.6048364894094831e-34,0.34,0.9994688558524651,0.22339705920111172,0.0005311441475348136,59
hypergeometric,2,4.814488157175474e-33,0.34,0.9994415694392171,0.19598739728164996,0.0005584305607828377,59
hypergeometric,2,1.5069653046803465e-31,0.35,0.999414283025969,0.18574420362229196,0.0005857169740308618,60
hypergeometric,2,3.404654825796973e-30,0.36,0.9993877022958224,0.18697447649218438,0.0006122977041776439,61
hypergeometric,2,8.773196188055488e-29,0.365,0.9993606511102746,0.19543999948829036,0.0006393488897252538,62
hypergeometric,2,1.0837926828751247e-27,0.37,0.9993333646970269,0.191800136277642,0.0006666353029732781,62
hypergeometric,2,1.3629394086989084e-26,0.38,0.9993065487391796,0.19691925949364336,0.0006934512608204744,64
hypergeometric,2,1.1058306694835251e-25,0.39,0.9992797327813324,0.19540398759604605,0.0007202672186676703,66
hypergeometric,2,9.273277126142273e-25,0.395,0.9992526815957846,0.18808548603611155,0.0007473184042152807,66
hypergeometric,2,6.879759439142713e-24,0.4,0.9992251599548361,0.17974365515717125,0.0007748400451637184,66
hypergeometric,2,3.765461349671332e-23,0.4,0.9991981087692885,0.1667438348709692,0.0008018912307113288,66
hypergeometric,2,2.0179669171775436e-22,0.405,0.9991710575837408,0.1632323814917868,0.0008289424162589387,67
hypergeometric,2,9.988027837028159e-22,0.42,0.9991444768535941,0.17707503368735145,0.0008555231464057203,69
hypergeometric,2,5.245124612773976e-21,0.43,0.9991174256680465,0.17826752780024543,0.0008825743319533305,71
hypergeometric,2,2.5626036873312838e-20,0.43,0.9990901392547985,0.171835525687497,0.0009098607452013546,71
hypergeometric,2,8.936735738832665e-20,0.435,0.9990630880692507,0.15675266211004257,0.000936911930748965,71
hypergeometric,2,4.149864995491815e-19,0.455,0.9990365073391041,0.1856682745861703,0.0009634926608957467,74
hypergeometric,2,1.6016100975485725e-18,0.455,0.9990092209258559,0.1816265482529933,0.000990779074143771,74
hypergeometric,2,5.1576745756576665e-18,0.46,0.9989821697403086,0.17535525681476483,0.001017830259691381,74
hypergeometric,2,1.595128120672631e-17,0.46,0.9989548833270605,0.17280057787212108,0.0010451166729394052,74
hypergeometric,2,3.8729602872818314e-17,0.47,0.9989278321415128,0.17915310958960287,0.0010721678584870152,76
hypergeometric,2,1.096234661090158e-16,0.47,0.9989005457282647,0.16789897479319124,0.0010994542717350391,76
hypergeometric,2,3.071899166006445e-16,0.475,0.9988734945427172,0.1605313831535356,0.0011265054572826498,77
hypergeometric,2,7.256708263543544e-16,0.48,0.9988455024463679,0.16989895598408872,0.001154497553631916,78
hypergeometric,2,1.8242863387346665e-15,0.485,0.9988191569439215,0.1684153678230251,0.001180843056078284,78
hypergeometric,2,4.134180171309957e-15,0.495,0.9987923409860743,0.1600508756214085,0.0012076590139254797,78
hypergeometric,2,9.258691289056127e-15,0.495,0.9987650545728265,0.15724851426895145,0.0012349454271735037,78
hypergeometric,2,1.959535517837846e-14,0.5,0.9987377681595784,0.15526807408723498,0.0012622318404215283,78
hypergeometric,2,4.3916891220368195e-14,0.5,0.9987104817463304,0.1440379396286018,0.0012895182536695523,78
hypergeometric,2,8.166035823813656e-14,0.5,0.9986831953330827,0.1408874374520422,0.0013168046669175765,78
hypergeometric,2,1.473554035568676e-13,0.51,0.9986561441475348,0.13993587455145354,0.001343855852465186,78
hypergeometric,2,2.7569692030908966e-13,0.515,0.9986290929619873,0.1380056580341393,0.001370907038012796,78
hypergeometric,2,4.642478538280001e-13,0.515,0.9986013360933383,0.13568794697539535,0.0013986639066616477,78
hypergeometric,2,8.063147707326479e-13,0.515,0.998574520135491,0.12729055167054154,0.0014254798645088442,78
hypergeometric,2,1.4624214953916579e-12,0.515,0.9985469984945426,0.11136974681140302,0.0014530015054572826,78
hypergeometric,2,2.4377360121734315e-12,0.52,0.9985194768535943,0.1192443110259283,0.0014805231464057203,79
hypergeometric,2,3.969691202007542e-12,0.525,0.9984928961234475,0.12860490685915985,0.001507103876552503,80
hypergeometric,2,5.947065994734421e-12,0.55,0.9984663153933007,0.15557723634941975,0.0015336846066992852,84
hypergeometric,2,1.0722764401457314e-11,0.565,0.9984399698908543,0.16418109057428334,0.0015600301091456535,85
hypergeometric,2,1.64430979157837e-11,0.565,0.9984126834776069,0.15570271943118533,0.001587316522393677,85
hypergeometric,2,2.5493266669250074e-11,0.57,0.9983856322920583,0.14650822900788682,0.0016143677079412883,86
hypergeometric,2,4.091765481543088e-11,0.59,0.9983590515619124,0.16294395705014056,0.001640948438088069,88
hypergeometric,2,6.058732900351117e-11,0.6,0.9983322356040649,0.16312230871704816,0.001667764395935265,89
hypergeometric,2,8.616908486302507e-11,0.6,0.9983049491908171,0.16245177413877285,0.0016950508091832885,89
hypergeometric,2,1.2486904555334037e-10,0.6,0.9982776627775689,0.14745909759046458,0.001722337222431314,89
hypergeometric,2,1.8207966565720235e-10,0.6,0.9982501411366199,0.14092428583091082,0.0017498588633797518,89
hypergeometric,2,2.542674010509443e-10,0.6,0.998222854723372,0.13988579181838579,0.001777145276627776,89
hypergeometric,2,3.6912985156536853e-10,0.6,0.9981955683101239,0.1384919571748096,0.0018044316898758004,89
hypergeometric,2,5.469701991671069e-10,0.605,0.9981675762137746,0.13795502408105456,0.0018324237862250665,89
hypergeometric,2,7.22849701403043e-10,0.61,0.9981412307113284,0.13143341036935768,0.0018587692886714345,89
hypergeometric,2,1.0958340482992984e-9,0.61,0.9981122977041776,0.12100156064578992,0.001887702295822357,89
hypergeometric,2,1.6208519027864766e-9,0.615,0.9980864226571319,0.11772583206502386,0.0019135773428678965,89
hypergeometric,2,2.257977572939454e-9,0.625,0.998059841926985,0.11980779377300994,0.0019401580730146778,90
hypergeometric,2,3.04437606711382e-9,0.625,0.998032555513737,0.1135769507606166,0.0019674444862627025,90
hypergeometric,2,4.0010250598619544e-9,0.63,0.9980033872788856,0.1017879382749177,0.0019966127211140383,90
hypergeometric,2,5.260372755470508e-9,0.63,0.9979770417764393,0.10090084608716948,0.0020229582235604068,90
hypergeometric,2,6.454228174214622e-9,0.63,0.9979506962739931,0.09852355850088952,0.0020493037260067744,90
hypergeometric,2,8.638376959639109e-9,0.645,0.9979241155438467,0.10534710817388133,0.0020758844561535564,91
hypergeometric,2,1.1345594051338975e-8,0.66,0.9978975348136998,0.11943759805880252,0.0021024651863003384,93
hypergeometric,2,1.552419602321961e-8,0.665,0.9978702484004516,0.11699011123220708,0.0021297515995483633,93
hypergeometric,2,1.959779172029939e-8,0.665,0.9978429619872037,0.11425468200583987,0.0021570380127963864,93
hypergeometric,2,2.53687263604607e-8,0.665,0.9978154403462551,0.11239583051135646,0.002184559653744826,93
hypergeometric,2,3.182204322981672e-8,0.665,0.9977883891607076,0.11167705425569792,0.0022116108392924356,93
hypergeometric,2,4.004641238114441e-8,0.665,0.9977606322920587,0.10985690831052806,0.0022393677079412884,93
hypergeometric,2,5.276439940228434e-8,0.665,0.9977333458788109,0.10745104193634443,0.002266654121189311,93
hypergeometric,2,6.566206979664657e-8,0.675,0.9977058242378624,0.10743128065271967,0.00229417576213775,93
hypergeometric,2,8.384303631229262e-8,0.675,0.9976792435077158,0.10538503987540723,0.0023207564922845315,93
hypergeometric,2,9.989900396800337e-8,0.68,0.9976521923221681,0.10419761241295286,0.0023478076778321415,93
hypergeometric,2,1.2625440784546205e-7,0.68,0.9976246706812195,0.09774772754249271,0.0023753293187805794,93
hypergeometric,2,1.6349899687517325e-7,0.68,0.9975976194956719,0.09711043110981142,0.0024023805043281886,93
hypergeometric,2,1.9716013181269637e-7,0.68,0.9975700978547235,0.09507169799422444,0.0024299021452766274,93
hypergeometric,2,2.4157057741141654e-7,0.685,0.9975430466691759,0.08857443126163543,0.0024569533308242382,93
hypergeometric,2,2.885717591070412e-7,0.685,0.9975122318404221,0.08541781996861654,0.0024877681595784724,93
hypergeometric,2,3.368743361154807e-7,0.69,0.9974884738426798,0.08465265284603177,0.002511526157320287,93
hypergeometric,2,4.172999780859754e-7,0.695,0.9974614226571319,0.08456928732159014,0.0025385773428678957,93
hypergeometric,2,4.958098904045891e-7,0.695,0.997434136243884,0.08416472118085233,0.0025658637561159197,93
hypergeometric,2,6.19291069962445e-7,0.695,0.9974068498306363,0.08187992048294267,0.0025931501693639432,93
hypergeometric,2,7.091273923310527e-7,0.695,0.9973793281896878,0.07669997080680292,0.002620671810312382,93
hypergeometric,2,8.480142361519847e-7,0.695,0.9973520417764393,0.06863562671203274,0.0026479582235604065,93
hypergeometric,2,0.0000010109834854992883,0.695,0.9973247553631918,0.0675035034571551,0.002675244636808431,93
hypergeometric,2,0.0000011696064743274614,0.7,0.9972974689499435,0.07491381173633853,0.0027025310500564553,94
model,2,0.01,0.985,0.9997857075649228,0.33716262831232685,0.00021429243507715493,100
model,2,0.010218023255813953,0.985,0.9997882950696271,0.3409831223607621,0.00021170493037260093,100
model,2,0.010326499620349278,0.985,0.9997908825743318,0.34361062207216264,0.00020911742566804694,100
model,2,0.010497737556561085,0.985,0.9997934700790364,0.3469650232265638,0.0002065299209634929,100
model,2,0.010649867374005305,0.985,0.9997960575837412,0.34886143597781527,0.00020394241625893886,100
model,2,0.010855365474339036,0.985,0.9997986450884457,0.3506856674027726,0.00020135491155438484,100
model,2,0.01108179419525066,0.985,0.9998012325931503,0.3530117926663979,0.00019876740684983082,100
model,2,0.011369294605809129,0.985,0.9998038200978548,0.3545648026044886,0.00019617990214527682,100
model,2,0.011710875331564986,0.985,0.9998064076025593,0.3566195555914396,0.0001935923974407228,100
model,2,0.011923076923076923,0.985,0.9998089951072638,0.36138322308316306,0.00019100489273616878,100
model,2,0.012305699481865285,0.985,0.9998115826119683,0.3648425416844255,0.00018841738803161476,100
model,2,0.012664907651715039,0.985,0.999814170116673,0.36996080841646645,0.00018582988332706073,100
model,2,0.013156189241736876,0.985,0.9998167576213772,0.3728390854632273,0.00018324237862250674,100
model,2,0.013672199170124482,0.985,0.999819345126082,0.3747139452160069,0.00018065487391795272,100
model,2,0.013966666666666667,0.985,0.9998219326307864,0.3806464187092016,0.0001780673692133987,100
model,2,0.014272844272844273,0.985,0.9998247553631916,0.38801233759236176,0.0001752446368084307,100
model,2,0.014481865284974093,0.985,0.9998273428678963,0.38968309456631084,0.00017265713210387666,100
model,2,0.01471882640586797,0.985,0.999829930372601,0.3919749817000897,0.00017006962739932264,100
model,2,0.015139240506329114,0.985,0.9998325178773055,0.3940266061162652,0.00016748212269476867,100
model,2,0.015751295336787565,0.985,0.9998351053820101,0.39993143257801766,0.00016489461799021468,100
model,2,0.016340996168582374,0.985,0.9998376928867145,0.406973781512608,0.00016230711328566065,100
model,2,0.016669691470054447,0.985,0.9998402803914191,0.4106064332536565,0.00015971960858110666,100
model,2,0.017154929577464787,0.985,0.9998428678961236,0.4156888391401953,0.00015713210387655266,100
model,2,0.017569169960474307,0.985,0.9998454554008283,0.4184939993689846,0.00015454459917199864,100
model,2,0.01825581395348837,0.985,0.9998480429055328,0.42126228912666763,0.00015195709446744462,100
model,2,0.019085714285714286,0.985,0.9998506304102374,0.4244081019972704,0.00014936958976289062,100
model,2,0.01958498023715415,0.985,0.9998532179149419,0.42738182754468373,0.0001467820850583366,100
model,2,0.020372057706909644,0.985,0.9998558054196467,0.4345819988192652,0.00014419458035378258,100
model,2,0.021266233766233766,0.985,0.9998583929243512,0.4386136824206082,0.00014160707564922855,100
model,2,0.022463503649635036,0.985,0.9998612156567561,0.4419180229077073,0.00013878434324426055,100
model,2,0.02319188191881919,0.985,0.9998638031614607,0.4471644575713833,0.00013619683853970655,100
model,2,0.02409252669039146,0.985,0.9998663906661652,0.45268623115883444,0.00013360933383515256,100
model,2,0.025473887814313347,0.985,0.9998689781708697,0.45511879459653737,0.00013102182913059856,100
model,2,0.026803691275167785,0.985,0.9998715656755743,0.4609435631073673,0.00012843432442604457,100
model,2,0.02771830985915493,0.985,0.9998741531802786,0.4643169177422323,0.00012584681972149054,100
model,2,0.028774703557312254,0.985,0.9998767406849831,0.4655968044558787,0.00012325931501693652,100
model,2,0.029437939110070258,0.985,0.9998793281896878,0.4677836998330433,0.00012067181031238251,100
model,2,0.030558139534883722,0.985,0.9998819156943926,0.4791115049780897,0.00011808430560782849,100
model,2,0.032010443864229764,0.985,0.9998845031990973,0.48191640603194325,0.00011549680090327451,100
model,2,0.03337408312958435,0.985,0.9998870907038018,0.4848998040868368,0.0001129092961987205,100
model,2,0.03523943661971831,0.985,0.999889678208506,0.48794739410915855,0.00011032179149416648,100
model,2,0.036280487804878046,0.985,0.9998922657132107,0.49350996225996197,0.0001077342867896125,100
model,2,0.03878542510121458,0.985,0.9998948532179155,0.49907215629787416,0.00010514678208505846,100
model,2,0.042053789731051346,0.985,0.9998976759503203,0.5080792396444058,0.00010232404968009044,100
model,2,0.04505633802816902,0.985,0.999900263455025,0.5123599352716998,0.00009973654497553639,100
model,2,0.04864229765013055,0.985,0.9999028509597294,0.5137745952877529,0.00009714904027098239,100
model,2,0.052532981530343005,0.985,0.9999054384644337,0.5201135710694531,0.00009456153556642836,100
model,2,0.05521904761904762,0.985,0.9999080259691382,0.5231347901884984,0.00009197403086187437,100
model,2,0.05767810026385224,0.985,0.9999106134738426,0.530287675780663,0.00008938652615732035,100
model,2,0.06125581395348837,0.985,0.9999132009785471,0.5357292342222215,0.00008679902145276633,100
model,2,0.06464751958224543,0.985,0.9999157884832518,0.5390780604258864,0.00008421151674821232,100
model,2,0.06946428571428571,0.985,0.9999183759879561,0.5449765719593305,0.00008162401204365831,100
model,2,0.07273684210526316,0.985,0.9999209634926607,0.5490555762883348,0.0000790365073391043,100
model,2,0.07793522267206478,0.985,0.9999235509973655,0.5547382154882152,0.0000764490026345503,100
model,2,0.08214084507042253,0.985,0.9999261385020701,0.5564781325759585,0.00007386149792999628,100
model,2,0.0865587044534413,0.985,0.9999287260067746,0.5602831705331703,0.00007127399322544227,100
model,2,0.0903957783641161,0.985,0.9999313135114792,0.5642143967143965,0.00006868648852088827,100
model,2,0.10086161879895561,0.985,0.9999339010161836,0.5672581149844305,0.00006609898381633426,100
model,2,0.11481900452488687,0.985,0.9999367237485884,0.5736089086352243,0.00006327625141136624,100
model,2,0.12300791556728233,0.985,0.9999393112532932,0.5838788696384603,0.00006068874670681224,100
model,2,0.13131645569620254,0.985,0.9999418987579974,0.5857796451914097,0.00005810124200225823,100
model,2,0.1399738903394256,0.985,0.9999444862627019,0.5938856421356419,0.000055513737297704215,100
model,2,0.1463030303030303,0.98,0.9999468385397062,0.5963121127238771,0.00005316146029356422,100
model,2,0.15560165975103735,0.98,0.9999494260444108,0.6053495670995669,0.000050573955589010195,100
model,2,0.17288256227758006,0.98,0.9999520135491154,0.609310245310245,0.00004798645088445618,100
model,2,0.19190871369294607,0.975,0.9999543658261196,0.6187574370074367,0.00004563417388031617,100
model,2,0.20904645476772615,0.97,0.9999567181031236,0.623440476190476,0.00004328189687617615,100
model,2,0.22875379939209725,0.965,0.9999590703801278,0.6297142857142856,0.000040929619872036134,100
model,2,0.2616014234875445,0.955,0.9999611874294314,0.6334365079365076,0.000038812570568310115,100
model,2,0.2796338028169014,0.95,0.9999635397064359,0.6440476190476189,0.00003646029356417011,100
model,2,0.3113837638376384,0.945,0.9999658919834401,0.6510476190476189,0.00003410801656003011,100
model,2,0.37486075949367087,0.945,0.9999684794881446,0.6633809523809522,0.000031520511855476105,100
model,2,0.411525974025974,0.94,0.999971066992849,0.6685238095238094,0.000028933007150922092,100
model,2,0.47798192771084336,0.935,0.999973419269853,0.6880711880711881,0.000026580730146782092,99
model,2,0.534796511627907,0.92,0.9999753010914566,0.7034256559766764,0.00002469890854347008,98
model,2,0.5812662337662338,0.91,0.9999774181407604,0.7255344995140913,0.000022581859239744076,98
model,2,0.6377190542420028,0.895,0.9999792999623636,0.753632793323515,0.00002070003763643207,97
model,2,0.6707042253521127,0.875,0.9999809465562663,0.7721303258145363,0.00001905344373353406,95
model,2,0.7290405904059041,0.87,0.9999832988332708,0.7977443609022559,0.000016701166729394046,95
model,2,0.7848182586644125,0.855,0.9999851806548741,0.8170426065162908,0.000014819345126082042,95
model,2,0.8171255060728745,0.83,0.9999865920210766,0.8346134152585767,0.00001340797892359804,93
model,2,0.8389148936170213,0.815,0.9999884738426799,0.8554019457245264,0.000011526157320286036,93
model,2,0.86421875,0.79,0.9999898852088823,0.8708141321044548,0.000010114791117802031,93
model,2,0.8876628352490421,0.77,0.9999915318027852,0.8826268969126112,0.000008468197214904027,91
model,2,0.89746875,0.76,0.9999936488520891,0.8974358974358975,0.00000635114791117802,91
model,2,0.9242549668874173,0.75,0.9999957659013928,0.9406130268199233,0.000004234098607452013,87
model,2,0.9463473053892215,0.725,0.9999974124952957,0.9612403100775194,0.0000025875047045540086,86
model,2,0.9638303341902313,0.7,0.9999988238614981,0.9764705882352943,0.0000011761385020700038,85
model,2,0.97704,0.655,0.9999992943168988,0.9855967078189302,7.056831012420023e-7,81
model,2,0.989593023255814,0.615,1,1,0,80
model,2,0.9959939759036145,0.56,1,1,0,76
model,2,0.9987404902789518,0.505,1,1,0,73
model,2,0.999969512195122,0.45,1,1,0,67
model,2,1,0.44,1,1,0,67
hypergeometric,3,0,0.06999999999999998,0.9999724777116509,0.26085259103641456,0.00002752228834889793,20
hypergeometric,3,1.1172823623935303e-295,0.07999999999999996,0.99996989014608,0.32880840742093936,0.00003010985392016184,23
hypergeometric,3,1.4193250201215096e-185,0.11,0.9999362517936532,0.26720604922096836,0.00006374820634659264,31
hypergeometric,3,4.0307114321358033e-140,0.13333333333333336,0.9999023782079933,0.2742617319976668,0.00009762179200677474,37
hypergeometric,3,2.5972208749429127e-113,0.15333333333333338,0.9998677989226317,0.2288644143728803,0.00013220107736821056,42
hypergeometric,3,4.583755694964725e-97,0.16666666666666669,0.9998334548705039,0.1995125183957843,0.00016654512949589517,45
hypergeometric,3,1.3813229328061655e-83,0.1733333333333334,0.9997981698854413,0.1719316065598612,0.0002018301145585849,46
hypergeometric,3,2.165836754738296e-73,0.1866666666666667,0.9997635906000802,0.19548744576027846,0.00023640939992002066,49
hypergeometric,3,1.1147473921213168e-66,0.2033333333333334,0.9997290113147188,0.21176426767292375,0.0002709886852814566,53
hypergeometric,3,8.170551567739532e-61,0.21666666666666665,0.9996941967961231,0.24010547370885776,0.00030580320387664376,57
hypergeometric,3,2.10495248608631e-56,0.2266666666666666,0.9996593822775285,0.24499878929753008,0.00034061772247183093,59
hypergeometric,3,5.722937846691763e-53,0.22999999999999993,0.9996238620592319,0.217265475434023,0.00037613794076827184,59
hypergeometric,3,9.931169828864821e-50,0.24999999999999997,0.9995897532403377,0.244746475028651,0.00041024675966220517,62
hypergeometric,3,5.713138992467943e-47,0.2533333333333333,0.9995542330220409,0.23215813317585166,0.0004457669779586459,63
hypergeometric,3,3.125104814155763e-44,0.25999999999999995,0.9995191832702123,0.20747887183367356,0.00048081672978758443,63
hypergeometric,3,3.565119306269013e-41,0.2633333333333333,0.9994836630519157,0.2028074551642167,0.0005163369480840254,64
hypergeometric,3,1.5073015621697428e-38,0.2733333333333332,0.9994486133000868,0.20540130202069712,0.0005513866999129639,66
hypergeometric,3,8.961126559797865e-37,0.27999999999999986,0.9994135635482579,0.20409599661747496,0.0005864364517419024,68
hypergeometric,3,6.709523143024165e-35,0.2999999999999999,0.9993789842628966,0.2015625401171855,0.0006210157371033382,70
hypergeometric,3,1.657342805260025e-33,0.30999999999999994,0.9993444049775352,0.20029944342212955,0.0006555950224647737,71
hypergeometric,3,4.929984099507941e-32,0.3233333333333332,0.9993095904589402,0.19426279041180347,0.0006904095410599608,73
hypergeometric,3,7.448108586248607e-31,0.3233333333333332,0.9992740702406434,0.18344100031833216,0.0007259297593564019,73
hypergeometric,3,9.190266757396314e-30,0.32666666666666655,0.9992385500223468,0.17054112127604754,0.0007614499776528428,73
hypergeometric,3,8.942252138711992e-29,0.3399999999999998,0.9992037355037521,0.17032000223092023,0.0007962644962480298,74
hypergeometric,3,1.1164384623962107e-27,0.34333333333333316,0.9991684505186887,0.15197423365177373,0.0008315494813107194,74
hypergeometric,3,1.0362519769440162e-26,0.3466666666666665,0.9991329303003931,0.14708275055397815,0.0008670696996071604,74
hypergeometric,3,7.337599784055327e-26,0.3566666666666664,0.9990981157817977,0.16653759563828835,0.0009018842182023476,77
hypergeometric,3,4.3970397140481e-25,0.36333333333333306,0.9990628307967352,0.160708816211142,0.0009371692032650375,77
hypergeometric,3,2.5339441936982427e-24,0.3699999999999998,0.9990277810449064,0.165643223244529,0.0009722189550939761,78
hypergeometric,3,1.2421809076806675e-23,0.37333333333333313,0.9989922608266097,0.13857803631497076,0.0010077391733904172,78
hypergeometric,3,6.352001656549804e-23,0.38333333333333314,0.9989572110747805,0.15183694984435173,0.0010427889252193556,80
hypergeometric,3,3.540299401999725e-22,0.3933333333333332,0.9989223965561854,0.14999480405806748,0.0010776034438145423,81
hypergeometric,3,1.4921192869029738e-21,0.3966666666666665,0.9988868763378888,0.14449799236574934,0.001113123662110983,82
hypergeometric,3,5.360086528985481e-21,0.40333333333333315,0.9988506504198911,0.1441618848407516,0.0011493495801086786,83
hypergeometric,3,2.091489028772274e-20,0.40333333333333315,0.9988158359012962,0.13524443234434033,0.0011841640987038653,83
hypergeometric,3,6.737912232924604e-20,0.4166666666666665,0.9987814918491682,0.14051674932025984,0.0012185081508315496,84
hypergeometric,3,2.561789720997456e-19,0.42333333333333306,0.9987462068641064,0.14696477985802217,0.001253793135894239,85
hypergeometric,3,8.081600744483153e-19,0.42999999999999977,0.9987109218790431,0.14742933653480478,0.0012890781209569289,86
hypergeometric,3,2.2803153807805186e-18,0.42999999999999977,0.9986751664275129,0.137178454290446,0.0013248335724871214,86
hypergeometric,3,7.141736384552537e-18,0.42999999999999977,0.9986396462092162,0.127731812054018,0.0013603537907835625,86
hypergeometric,3,1.8181584339002402e-17,0.42999999999999977,0.99860412599092,0.1246155401142779,0.0013958740090800033,86
hypergeometric,3,5.258270939001589e-17,0.43333333333333307,0.9985683705393896,0.12169741419794476,0.0014316294606101952,86
hypergeometric,3,1.4391733849307352e-16,0.43999999999999967,0.9985335560207946,0.11841077130946948,0.0014664439792053832,86
hypergeometric,3,3.8048153130208315e-16,0.4566666666666662,0.9984989767354332,0.1389559609021989,0.0015010232645668183,89
hypergeometric,3,1.1355245172140406e-15,0.46999999999999953,0.9984641622168376,0.15399332680063532,0.001535837783162006,91
hypergeometric,3,2.822470368759784e-15,0.4733333333333329,0.9984288772317751,0.1403297852075089,0.0015711227682246947,91
hypergeometric,3,6.3482318094006975e-15,0.4799999999999995,0.9983935922467124,0.13204012840803028,0.001606407753287385,92
hypergeometric,3,1.31180246071134e-14,0.48333333333333284,0.9983580720284158,0.12696890901746755,0.0016419279715838265,92
hypergeometric,3,2.944042539165694e-14,0.4966666666666663,0.9983234927430548,0.1335711738113878,0.0016765072569452615,93
hypergeometric,3,5.834756419993396e-14,0.503333333333333,0.9982884429912253,0.14151225932708997,0.0017115570087741997,95
hypergeometric,3,1.1031117793730762e-13,0.503333333333333,0.9982524523064618,0.13843886025240382,0.001747547693538144,95
hypergeometric,3,2.3224466077281946e-13,0.5066666666666664,0.9982171673213989,0.13860074204487977,0.0017828326786008327,95
hypergeometric,3,4.028323255304686e-13,0.5066666666666664,0.9981816471031028,0.13685903613322964,0.001818352896897274,95
hypergeometric,3,7.082027214450225e-13,0.5099999999999997,0.9981461268848068,0.1329386903680771,0.0018538731151937157,95
hypergeometric,3,1.2243611201134276e-12,0.513333333333333,0.998110841899744,0.13161190796232441,0.0018891581002564045,95
hypergeometric,3,1.97042594555323e-12,0.513333333333333,0.9980750864482134,0.12865558025937326,0.0019249135517865966,95
hypergeometric,3,3.426614084631309e-12,0.5199999999999997,0.9980400366963836,0.13462548622149687,0.001959963303615534,96
hypergeometric,3,6.020789243970025e-12,0.5199999999999997,0.9980042812448541,0.12506619735116797,0.0019957187551457273,96
hypergeometric,3,9.874016516641925e-12,0.5199999999999997,0.9979673496271555,0.12203381981292004,0.0020326503728446757,96
hypergeometric,3,1.4306877710587447e-11,0.5299999999999997,0.9979337112747284,0.11797171882533615,0.002066288725271106,97
hypergeometric,3,2.3974863169580267e-11,0.5433333333333329,0.9978988967561336,0.12897618616927442,0.0021011032438662935,99
hypergeometric,3,3.9026168957493326e-11,0.5533333333333329,0.9978640822375384,0.12701769298800486,0.00213591776246148,99
hypergeometric,3,6.113735996845667e-11,0.5599999999999996,0.9978287972524754,0.12218181416809454,0.0021712027475241703,99
hypergeometric,3,8.645834661340919e-11,0.5666666666666663,0.9977937475006463,0.12140777193896904,0.002206252499353108,99
hypergeometric,3,1.4120570974425255e-10,0.5666666666666663,0.9977579920491162,0.11531690235381138,0.002242007950883301,99
hypergeometric,3,2.12542654483783e-10,0.5666666666666663,0.9977220013643526,0.11235480925348731,0.002277998635647244,99
hypergeometric,3,3.0723866340978153e-10,0.573333333333333,0.9976871868457574,0.11050138605245145,0.0023128131542424313,99
hypergeometric,3,4.510758166701839e-10,0.5766666666666663,0.997651666627461,0.10732064993132948,0.0023483333725388723,99
hypergeometric,3,6.629424678323492e-10,0.5766666666666663,0.9976161464091646,0.10571595338333832,0.0023838535908353134,99
hypergeometric,3,9.155790104533532e-10,0.5799999999999996,0.9975803909576345,0.10284547762410472,0.0024196090423655053,99
hypergeometric,3,1.286990608026405e-9,0.5799999999999996,0.9975446355061043,0.10213459742426828,0.0024553644938956976,99
hypergeometric,3,1.8015082057045547e-9,0.5833333333333329,0.9975095857542756,0.09792322150540883,0.0024904142457246358,99
hypergeometric,3,2.5219973130740335e-9,0.5866666666666663,0.9974733598362779,0.09632546840843549,0.0025266401637223314,99
hypergeometric,3,3.4416490064013904e-9,0.5866666666666663,0.9974385453176825,0.09063058748054563,0.002561454682317519,99
hypergeometric,3,4.531138920142313e-9,0.5866666666666663,0.9974027898661526,0.08916941358697822,0.0025972101338477107,99
hypergeometric,3,5.724204208983039e-9,0.5866666666666663,0.9973670344146222,0.08190489374080757,0.002632965585377902,99
hypergeometric,3,7.677377326500833e-9,0.5899999999999995,0.9973317494295593,0.07910038740174836,0.0026682505704405924,99
hypergeometric,3,9.91351679612654e-9,0.5966666666666663,0.99729669967773,0.07863764115188127,0.0027033003222695306,99
hypergeometric,3,1.3466920978983263e-8,0.5966666666666663,0.9972609442262005,0.07567452467408825,0.0027390557737997224,99
hypergeometric,3,1.6840645972987214e-8,0.603333333333333,0.9972251887746704,0.07385764606202652,0.0027748112253299147,99
hypergeometric,3,2.280565780610704e-8,0.603333333333333,0.9971901390228411,0.07262992419082383,0.002809860977158851,99
hypergeometric,3,2.920125875842053e-8,0.613333333333333,0.9971550892710122,0.06727815136523467,0.002844910728987791,99
hypergeometric,3,3.560066557212024e-8,0.613333333333333,0.9971181576533128,0.06497459692674314,0.0028818423466867404,99
hypergeometric,3,4.512402380663481e-8,0.6199999999999997,0.9970840488344191,0.06313985105011304,0.0029159511655806737,99
hypergeometric,3,5.424115727792824e-8,0.623333333333333,0.99704899908259,0.061725698520029286,0.002951000917409612,99
hypergeometric,3,6.867552143327122e-8,0.6266666666666663,0.9970132436310603,0.060956429275729404,0.0029867563689398046,99
hypergeometric,3,8.547092056033035e-8,0.6299999999999997,0.9969777234127638,0.060758411620708164,0.003022276587236245,99
hypergeometric,3,1.022288678298194e-7,0.633333333333333,0.996938674695961,0.05851475007811519,0.0030613253040389543,99
hypergeometric,3,1.2418997351551175e-7,0.633333333333333,0.9969069182094047,0.057299977015139406,0.0030930817905953758,99
hypergeometric,3,1.5529757192608502e-7,0.6366666666666664,0.9968716332243421,0.05685094451655461,0.0031283667756580643,99
hypergeometric,3,1.8792063782936078e-7,0.6399999999999997,0.9968361130060454,0.05578110366700071,0.003163886993954505,99
hypergeometric,3,2.4001164357420964e-7,0.6499999999999997,0.9968012984874502,0.05508415412405008,0.0031987015125496915,99
hypergeometric,3,2.899803289138194e-7,0.6499999999999997,0.9967655430359201,0.053720170236223774,0.003234456964079884,99
hypergeometric,3,3.5112210054330036e-7,0.6499999999999997,0.9967290818846886,0.05267658612161004,0.0032709181153113298,99
hypergeometric,3,4.2227627733159105e-7,0.653333333333333,0.9966945025993271,0.05229413159229309,0.0033054974006727672,99
hypergeometric,3,5.036983981094129e-7,0.653333333333333,0.9966585119145632,0.05070225583576046,0.003341488085436711,99
hypergeometric,3,6.108384594228866e-7,0.6599999999999997,0.9966201688974615,0.04952713384478265,0.0033798311025381666,99
hypergeometric,3,7.264343937791408e-7,0.663333333333333,0.9965881771776717,0.04888661730648051,0.0034118228223283392,99
hypergeometric,3,8.67173946228897e-7,0.663333333333333,0.9965526569593753,0.04840556382025436,0.0034473430406247803,99
hypergeometric,3,0.0000010095369402860636,0.663333333333333,0.9965169015078446,0.04771851021015392,0.0034830984921549717,99
hypergeometric,3,0.0000011758471243992692,0.6666666666666664,0.9964813812895486,0.04735728257519509,0.0035186187104514137,99
model,3,0.010008503401360544,0.9833333333333334,0.9998315730046339,0.41352937911761467,0.0001684269953659052,100
model,3,0.010118025751072962,0.9833333333333334,0.9998339253369716,0.41663678894916245,0.00016607466302839257,100
model,3,0.010275482093663912,0.9833333333333334,0.9998362776693089,0.4215238429870785,0.00016372233069087991,100
model,3,0.010407288317256163,0.9833333333333334,0.9998386300016464,0.4244753220635576,0.00016136999835336728,100
model,3,0.01052154195011338,0.9833333333333334,0.9998409823339841,0.42622781459018805,0.00015901766601585468,100
model,3,0.010719322990126939,0.9833333333333334,0.9998433346663218,0.43009577995815335,0.00015666533367834204,100
model,3,0.010948356807511737,0.9833333333333334,0.9998456869986592,0.4324380705690097,0.00015431300134082938,100
model,3,0.011166489925768823,0.9833333333333334,0.9998480393309964,0.4362292368779105,0.00015196066900331678,100
model,3,0.011390029325513196,0.9833333333333334,0.9998503916633341,0.44239072756114034,0.00014960833666580414,100
model,3,0.011575682382133995,0.9833333333333334,0.9998527439956715,0.4458135569695835,0.00014725600432829148,100
model,3,0.011714507370054306,0.9833333333333334,0.9998553315612426,0.44816403999189325,0.0001446684387570276,100
model,3,0.011829176114890401,0.9833333333333334,0.9998576838935799,0.44994390311122984,0.00014231610641951493,100
model,3,0.012006633499170813,0.9833333333333334,0.9998600362259173,0.45214531573369515,0.00013996377408200227,100
model,3,0.012200392927308448,0.9833333333333334,0.9998621533250209,0.45545830503197854,0.00013784667497824087,100
model,3,0.012416666666666666,0.9833333333333334,0.9998647408905922,0.45840523301947456,0.00013525910940697698,100
model,3,0.01255399061032864,0.9833333333333334,0.9998670932229295,0.46091632061608856,0.00013290677706946432,100
model,3,0.01286480686695279,0.9833333333333334,0.999869445555267,0.4642685655933335,0.0001305544447319517,100
model,3,0.013152173913043479,0.9833333333333334,0.9998717978876047,0.46920200715177507,0.00012820211239443903,100
model,3,0.013643192488262911,0.9833333333333334,0.9998741502199421,0.4720791701934117,0.00012584978005692637,100
model,3,0.013962264150943397,0.9833333333333334,0.9998765025522799,0.4822946906121057,0.00012349744771941374,100
model,3,0.014250474383301707,0.9833333333333334,0.9998790901178514,0.4853890407064557,0.00012090988214814982,100
model,3,0.01467511885895404,0.9833333333333334,0.9998814424501887,0.49076635766194604,0.00011855754981063716,100
model,3,0.014914361001317523,0.9833333333333334,0.9998837947825264,0.49622492850287,0.00011620521747312451,100
model,3,0.015255474452554745,0.9833333333333334,0.9998861471148639,0.5010325669428612,0.00011385288513561187,100
model,3,0.016004728132387708,0.9833333333333334,0.9998884994472013,0.504639709800004,0.00011150055279809925,100
model,3,0.01646700507614213,0.9833333333333334,0.999890851779539,0.50803202581732,0.00010914822046058661,100
model,3,0.016774193548387096,0.9833333333333334,0.9998932041118764,0.5146629781982724,0.00010679588812307398,100
model,3,0.017504621072088725,0.9833333333333334,0.9998955564442141,0.5204492629919103,0.00010444355578556136,100
model,3,0.018006362672322376,0.9833333333333334,0.9998979087765515,0.5239085659438604,0.00010209122344804873,100
model,3,0.018431924882629108,0.9833333333333334,0.999900261108889,0.5292563015415959,0.00009973889111053608,100
model,3,0.018990654205607478,0.9833333333333334,0.9999028486744602,0.5340943801296745,0.00009715132553927217,100
model,3,0.019546485260770977,0.9833333333333334,0.9999052010067979,0.5389533544886487,0.00009479899320175955,100
model,3,0.020317460317460317,0.9833333333333334,0.9999075533391354,0.5423866435937645,0.0000924466608642469,100
model,3,0.021620553359683794,0.9833333333333334,0.999909905671473,0.5469897904469113,0.00009009432852673427,100
model,3,0.022735674676524955,0.9833333333333334,0.9999122580038105,0.5512626303521042,0.00008774199618922162,100
model,3,0.023657817109144542,0.9833333333333334,0.9999146103361481,0.5562499763394502,0.00008538966385170899,100
model,3,0.02499215070643642,0.9833333333333334,0.9999169626684857,0.5620124305519045,0.00008303733151419636,100
model,3,0.025655080213903742,0.9833333333333334,0.9999193150008232,0.5678193328410722,0.00008068499917668372,100
model,3,0.026397058823529412,0.9833333333333334,0.9999216673331607,0.5730501559395423,0.00007833266683917105,100
model,3,0.027625,0.9833333333333334,0.9999240196654982,0.5789096442772914,0.00007598033450165842,100
model,3,0.029704251386321625,0.9833333333333334,0.9999266072310694,0.588903150770798,0.0000733927689303945,100
model,3,0.0306286836935167,0.9833333333333334,0.9999289595634068,0.5933335537012009,0.00007104043659288185,100
model,3,0.034085603112840465,0.9833333333333334,0.9999313118957442,0.6004555150731623,0.00006868810425536921,100
model,3,0.03776021080368906,0.9833333333333334,0.9999336642280819,0.6074630338701548,0.00006633577191785656,100
model,3,0.04139489194499018,0.9833333333333334,0.9999360165604193,0.6161090422735161,0.00006398343958034393,100
model,3,0.04498263888888889,0.9833333333333334,0.9999383688927569,0.6245528221778224,0.00006163110724283125,100
model,3,0.04883720930232558,0.9833333333333334,0.9999407212250945,0.6321765024191498,0.000059278774905318614,100
model,3,0.05402777777777778,0.9833333333333334,0.9999430735574318,0.6427300738477213,0.00005692644256780597,100
model,3,0.0572189349112426,0.9833333333333334,0.9999454258897695,0.6505385154061629,0.000054574110230293334,100
model,3,0.06297597042513864,0.9833333333333334,0.9999477782221069,0.6566488095238099,0.000052221777892780694,100
model,3,0.07199416342412451,0.9833333333333334,0.9999503657876783,0.665292748917749,0.00004963421232151679,100
model,3,0.07696456086286595,0.9833333333333334,0.9999527181200158,0.6754873459873462,0.000047281879984004126,100
model,3,0.09105504587155963,0.9800000000000001,0.9999548352191195,0.6824415584415584,0.000045164780880242755,100
model,3,0.11159375,0.9800000000000001,0.9999571875514569,0.6906031746031748,0.0000428124485427301,100
model,3,0.1317156862745098,0.9766666666666669,0.9999593046505606,0.7001785714285715,0.000040695349438968723,100
model,3,0.15137395459976105,0.9766666666666669,0.9999616569828982,0.710309523809524,0.000038343017101456084,100
model,3,0.1746177370030581,0.9766666666666669,0.9999640093152355,0.7202261904761904,0.000035990684763943444,100
model,3,0.23331240188383046,0.9766666666666669,0.9999663616475728,0.7299523809523811,0.000033638352426430804,100
model,3,0.2677712264150943,0.9700000000000002,0.9999682435134428,0.7348452380952382,0.00003175648655642069,100
model,3,0.36153963414634144,0.9666666666666667,0.9999703606125467,0.7449285714285716,0.0000296393874526593,100
model,3,0.4516931216931217,0.9600000000000002,0.9999724777116503,0.7555238095238096,0.000027522288348897932,100
model,3,0.5349264705882353,0.9600000000000002,0.9999748300439877,0.7691190476190477,0.000025169956011385293,100
model,3,0.5975487627365357,0.9500000000000002,0.999976476676624,0.7796666666666667,0.000023523323375126435,100
model,3,0.6364695009242144,0.9400000000000002,0.9999781233092603,0.7919999999999999,0.00002187669073886759,100
model,3,0.6570430579964851,0.9233333333333335,0.9999792994754292,0.8003333333333333,0.000020700524570111275,100
model,3,0.6796204933586337,0.9066666666666668,0.9999804756415978,0.81,0.000019524358401354955,100
model,3,0.7166729147141518,0.8966666666666667,0.9999821222742341,0.8231666666666665,0.000017877725765096104,100
model,3,0.7379127134724858,0.8833333333333335,0.9999835336736365,0.8336666666666664,0.00001646632636258852,100
model,3,0.7716819571865443,0.8700000000000001,0.999984945073039,0.8456666666666665,0.000015054926960080934,100
model,3,0.7892198581560284,0.866666666666667,0.999987062172143,0.8634999999999999,0.00001293782785631955,100
model,3,0.8160469483568075,0.8533333333333336,0.9999887088047792,0.8821548821548819,0.000011291195220060697,99
model,3,0.8514634146341463,0.8433333333333334,0.9999903554374157,0.8968013468013468,0.000009644562583801843,99
model,3,0.8691310975609756,0.83,0.9999917668368181,0.9085034013605442,0.000008233163181294258,98
model,3,0.8815370018975333,0.8133333333333332,0.999992943002987,0.9192176870748299,0.000007056997012537935,98
model,3,0.8971493902439024,0.7999999999999998,0.9999943544023897,0.9335051546391753,0.000005645597610030345,97
model,3,0.9177518248175183,0.7866666666666666,0.9999957658017923,0.9515463917525773,0.000004234198207522759,97
model,3,0.9472994652406417,0.77,0.9999969419679612,0.965979381443299,0.000003058032038766437,97
model,3,0.9585419968304278,0.7466666666666666,0.9999976476676623,0.9735395189003437,0.000002352332337512644,97
model,3,0.9832973805855162,0.7233333333333332,0.9999983533673635,0.9812714776632303,0.0000016466326362588508,97
model,3,0.9887043795620438,0.6933333333333332,0.9999985886005974,0.9836805555555556,0.0000014113994025075863,96
model,3,0.9925811001410437,0.663333333333333,0.999999059067065,0.9887719298245614,9.409329350050575e-7,95
model,3,0.9949014701282453,0.6299999999999998,0.999999059067065,0.9884057971014493,9.409329350050575e-7,92
model,3,0.9971382636655949,0.5966666666666667,0.999999059067065,0.9882783882783883,9.409329350050575e-7,91
model,3,1,0.5633333333333335,0.999999059067065,0.9871794871794871,9.409329350050575e-7,91
hypergeometric,4,0,0.0575,0.9999630675135261,0.3993117427957245,0.00003693248647377087,23
hypergeometric,4,8.187057184798023e-305,0.06,0.9999618913196895,0.41610486918052697,0.00003810868031051517,24
hypergeometric,4,1.663662633950564e-200,0.0775,0.9999197835803342,0.3010693277690542,0.00008021641966596094,30
hypergeometric,4,7.360661885976977e-148,0.1125,0.9998793225123506,0.3597399165594502,0.00012067748764996469,42
hypergeometric,4,1.5697613722246253e-120,0.1425,0.9998386262055989,0.30256939080678025,0.00016137379440131733,51
hypergeometric,4,1.1169735028847528e-102,0.1625,0.999796753705011,0.3022937925836918,0.0002032462949894143,56
hypergeometric,4,2.367369966587035e-90,0.165,0.9997532345330512,0.2106177312718995,0.00024676546694895327,56
hypergeometric,4,8.068428475498487e-82,0.1775,0.9997108915549286,0.22245451488367946,0.00028910844507174785,60
hypergeometric,4,1.3183239356058935e-75,0.1825,0.9996676076217361,0.19714732027410312,0.00033239237826393784,60
hypergeometric,4,3.3309061439544223e-70,0.195,0.999625029404846,0.21390827017415298,0.00037497059515408137,64
hypergeometric,4,6.426386536169695e-66,0.205,0.9995824511879557,0.2226580560672634,0.00041754881204422495,68
hypergeometric,4,1.3263415083717712e-61,0.21,0.9995391672547637,0.19757119331417694,0.000460832745236415,68
hypergeometric,4,3.6694138245397926e-57,0.21,0.9994951776052694,0.18657167321235804,0.0005048223947306516,68
hypergeometric,4,3.9347630401927287e-53,0.23,0.9994537755822163,0.18683671966856766,0.0005462244177840507,72
hypergeometric,4,2.4880076487305765e-50,0.235,0.9994104916490244,0.16176548628374365,0.0005895083509762409,73
hypergeometric,4,1.3517152660096151e-47,0.235,0.9993667372382972,0.15435680507081762,0.0006332627617031287,73
hypergeometric,4,4.089831566741166e-45,0.2475,0.9993241590214069,0.1623691722899596,0.000675840978593272,75
hypergeometric,4,1.4625550435490704e-42,0.26,0.999281816043284,0.17178647941558686,0.0007181839567160668,76
hypergeometric,4,4.531664676064996e-40,0.265,0.9992385321100916,0.1734545923327832,0.0007614678899082569,77
hypergeometric,4,4.898717399326415e-38,0.28,0.9991964243707365,0.19166445116742534,0.0008035756292637026,80
hypergeometric,4,4.958329664832355e-36,0.2825,0.9991529051987769,0.17848233034673425,0.0008470948012232417,82
hypergeometric,4,2.654194767471066e-34,0.2875,0.9991096212655848,0.178032112542584,0.0008903787344154318,83
hypergeometric,4,1.5066085359433319e-32,0.2925,0.9990665725711603,0.17135656964639312,0.0009334274288402732,84
hypergeometric,4,3.9533853615966075e-31,0.295,0.9990230533992007,0.15736397451337236,0.0009769466007998123,84
hypergeometric,4,5.051100445674983e-30,0.3025,0.998980004704776,0.15765431347414774,0.0010199952952246536,87
hypergeometric,4,8.876231293002128e-29,0.315,0.9989376617266531,0.15969983926012624,0.0010623382733474485,88
hypergeometric,4,1.0629826229660766e-27,0.32,0.9988943777934608,0.15331954430287797,0.0011056222065396375,88
hypergeometric,4,1.4340513324242034e-26,0.325,0.9988510938602683,0.15332456333929478,0.0011489061397318278,89
hypergeometric,4,8.80345640007864e-26,0.3325,0.998808280404611,0.14770818290628215,0.0011917195953893202,90
hypergeometric,4,4.629506818752329e-25,0.3325,0.998764525993884,0.13556721778314867,0.001235474006116208,90
hypergeometric,4,3.478054799834296e-24,0.335,0.9987210068219247,0.12794111853230475,0.001278993178075747,90
hypergeometric,4,2.088064639872609e-23,0.3425,0.9986781933662675,0.12493879684144889,0.0013218066337332395,90
hypergeometric,4,1.269998189768369e-22,0.3475,0.9986349094330752,0.11847736431656776,0.0013650905669254298,90
hypergeometric,4,5.21031684604931e-22,0.3525,0.9985916254998826,0.11552154702992207,0.0014083745001176196,90
hypergeometric,4,2.264700829682298e-21,0.3625,0.9985488120442247,0.10958969123748705,0.001451187955775112,90
hypergeometric,4,7.520972368745876e-21,0.3625,0.9985052928722653,0.10702329464239732,0.0014947071277346502,90
hypergeometric,4,2.68427824577474e-20,0.3625,0.9984613032227712,0.1051653836779892,0.0015386967772288874,90
hypergeometric,4,9.785225327958216e-20,0.3725,0.9984187250058806,0.10178357740209708,0.0015812749941190307,90
hypergeometric,4,3.151065017331013e-19,0.375,0.9983754410726884,0.09917274815741398,0.0016245589273112203,90
hypergeometric,4,9.776572046273925e-19,0.3775,0.9983319219007291,0.09545198071651834,0.0016680780992707589,90
hypergeometric,4,2.7468603338339853e-18,0.3875,0.9982893436838389,0.09726026414226493,0.001710656316160903,90
hypergeometric,4,8.624027682059995e-18,0.3925,0.9982458245118796,0.09473529002793274,0.0017541754881204427,90
hypergeometric,4,2.461314191981406e-17,0.395,0.9982025405786875,0.0929837795557506,0.0017974594213126325,90
hypergeometric,4,6.363412875223299e-17,0.4,0.9981594918842629,0.0925011717912748,0.0018405081157374728,90
hypergeometric,4,1.5888835704394546e-16,0.4,0.9981157374735358,0.08878931061697098,0.001884262526464361,90
hypergeometric,4,3.846493670656845e-16,0.4075,0.9980726887791112,0.08934272563241819,0.0019273112208892025,90
hypergeometric,4,8.565622921512492e-16,0.425,0.998030816278523,0.08948991643268604,0.001969183721477299,90
hypergeometric,4,1.955090733281422e-15,0.425,0.9979870618677961,0.08660618912715248,0.002012938132204188,90
hypergeometric,4,4.2615399567911065e-15,0.4325,0.9979440131733714,0.09608517578649464,0.0020559868266290283,91
hypergeometric,4,8.517425489427512e-15,0.4425,0.9979014349564814,0.09529353625236896,0.002098565043519172,91
hypergeometric,4,2.0383004390211876e-14,0.45,0.9978583862620565,0.08994563662245389,0.0021416137379440133,92
hypergeometric,4,4.314993368053252e-14,0.4575,0.9978153375676315,0.08830614565524562,0.0021846624323688547,92
hypergeometric,4,8.516377115807073e-14,0.4575,0.9977718183956719,0.08657578616734052,0.002228181604328394,92
hypergeometric,4,1.6252601813003271e-13,0.4625,0.9977282992237124,0.08360160377553928,0.0022717007762879317,92
hypergeometric,4,3.023166483055382e-13,0.47,0.9976854857680546,0.0818914283329139,0.0023145142319454244,92
hypergeometric,4,5.376526334430904e-13,0.4775,0.9976426723123971,0.08102856300038859,0.0023573276876029167,92
hypergeometric,4,8.563475378586421e-13,0.4825,0.9975979769466007,0.07919358607846169,0.0024020230533992005,92
hypergeometric,4,1.5074848181665841e-12,0.485,0.9975549282521758,0.07660097392658566,0.0024450717478240415,92
hypergeometric,4,2.644366764821134e-12,0.5,0.99751376146789,0.07606557685547606,0.002486238532110092,92
hypergeometric,4,4.607776448621887e-12,0.5075,0.9974707127734649,0.07278607032670535,0.0025292872265349343,92
hypergeometric,4,7.923860098904429e-12,0.5175,0.9974276640790403,0.08136502945493532,0.0025723359209597744,93
hypergeometric,4,1.1731351506511572e-11,0.5225,0.9973846153846153,0.09016000954916739,0.002615384615384616,94
hypergeometric,4,1.9975852560873283e-11,0.5225,0.9973410962126558,0.08901599431844039,0.002658903787344156,94
hypergeometric,4,2.975844284857453e-11,0.5275,0.9972975770406961,0.09291927627259257,0.002702422959303694,95
hypergeometric,4,4.647375156985842e-11,0.53,0.9972545283462718,0.10044814419381676,0.0027454716537285363,96
hypergeometric,4,7.326142437805991e-11,0.5325,0.997210068219243,0.09912545350948436,0.0027899317807574694,96
hypergeometric,4,1.1056901958718262e-10,0.5325,0.9971672547635854,0.09746922337326376,0.002832745236414962,96
hypergeometric,4,1.698857159521239e-10,0.535,0.9971239708303931,0.10539701134909947,0.0028760291696071517,97
hypergeometric,4,2.5678224655443645e-10,0.54,0.9970804516584333,0.1055596631911572,0.00291954834156669,97
hypergeometric,4,3.849502599029974e-10,0.545,0.9970374029640083,0.10334087725781513,0.0029625970359915305,97
hypergeometric,4,5.509702315299289e-10,0.545,0.9969936485532814,0.09152533164850007,0.0030063514467184183,97
hypergeometric,4,7.815559196335445e-10,0.545,0.9969496589037873,0.09081376526595526,0.0030503410962126566,97
hypergeometric,4,1.2209626797298488e-9,0.55,0.9969068454481298,0.09048676299757845,0.0030931545518701475,97
hypergeometric,4,1.7321279865383352e-9,0.555,0.9968635615149377,0.09327537088932204,0.0031364384850623367,98
hypergeometric,4,2.407308453320287e-9,0.555,0.996820042342978,0.0925726999656206,0.0031799576570218763,98
hypergeometric,4,3.390540810720131e-9,0.56,0.9967744060221126,0.09228964623509756,0.0032255939778875558,98
hypergeometric,4,4.6456406237554024e-9,0.5625,0.9967334744765941,0.08659466268897628,0.0032665255234062573,98
hypergeometric,4,6.228401087724561e-9,0.5675,0.996690190543402,0.08530011477772965,0.003309809456598447,98
hypergeometric,4,8.858854873742923e-9,0.57,0.996646671371442,0.08315450307594291,0.0033533286285579848,98
hypergeometric,4,1.144805579883709e-8,0.5775,0.9966038579157847,0.08336190520139049,0.0033961420842154788,98
hypergeometric,4,1.5675343893523022e-8,0.5775,0.9965601035050576,0.07764304091254287,0.0034398964949423653,98
hypergeometric,4,2.0384059843887935e-8,0.5775,0.9965163490943307,0.0762892125848022,0.0034836509056692545,98
hypergeometric,4,2.77794685147182e-8,0.58,0.9964730651611388,0.07545864675984698,0.0035269348388614454,98
hypergeometric,4,3.538402274011856e-8,0.58,0.9964293107504116,0.0749525886625928,0.0035706892495883324,98
hypergeometric,4,4.581194723825616e-8,0.5825,0.9963857915784524,0.07393374752569751,0.003614208421547871,98
hypergeometric,4,5.863209922688213e-8,0.59,0.9963427428840272,0.07220409169529582,0.003657257115972714,98
hypergeometric,4,7.120423989199871e-8,0.5925,0.9962994589508348,0.07117363322100384,0.0037005410491649025,98
hypergeometric,4,9.139862661427217e-8,0.6,0.996256175017643,0.07076497799381361,0.003743824982357093,98
hypergeometric,4,1.1442196795795374e-7,0.6,0.9962128910844509,0.06947652130598508,0.0037871089155492826,98
hypergeometric,4,1.4188084684777126e-7,0.6,0.9961667842860504,0.06913821284390839,0.0038332157139496603,98
hypergeometric,4,1.6887236712997923e-7,0.6025,0.9961235003528585,0.06399076845224685,0.0038764996471418512,98
hypergeometric,4,2.1413058984371516e-7,0.6025,0.996080216419666,0.06014212276767888,0.00391978358033404,98
hypergeometric,4,2.5782922477453976e-7,0.605,0.9960385791578455,0.059268923653597844,0.003961420842154786,98
hypergeometric,4,3.261605329179303e-7,0.6075,0.995995059985886,0.058883232167716466,0.004004940014114327,98
hypergeometric,4,3.899281568525609e-7,0.61,0.995951776052694,0.05829513197983529,0.0040482239473065154,98
hypergeometric,4,4.948469834076738e-7,0.61,0.9959061397318283,0.057923574814324155,0.004093860268172195,98
hypergeometric,4,6.168261232302173e-7,0.6125,0.9958645024700076,0.052891588346012645,0.004135497529992941,98
hypergeometric,4,7.417823314922778e-7,0.6175,0.9958212185368153,0.05255977488308981,0.004178781463185132,98
hypergeometric,4,8.659616273953608e-7,0.6225,0.995776758409786,0.052101113677338065,0.004223241590214067,98
hypergeometric,4,9.638118768268849e-7,0.6275,0.9957348859091978,0.05124245523954751,0.004265114090802165,98
hypergeometric,4,0.0000011725736422997735,0.63,0.995691366737238,0.050871807655942756,0.004308633262761706,98
model,4,0.01,0.9775,0.999790402258293,0.4175317120323174,0.00020959774170783345,100
model,4,0.01012275731822474,0.9775,0.9997932251235011,0.41993771366742133,0.00020677487649964718,100
model,4,0.010240153698366955,0.9775,0.9997962832274766,0.4252640253539871,0.00020371677252411198,100
model,4,0.010349726775956284,0.9775,0.9997993413314522,0.4278547842549337,0.00020065866854857684,100
model,4,0.010452261306532663,0.9775,0.9998023994354277,0.431640875711923,0.00019760056457304162,100
model,4,0.010646853146853147,0.9775,0.9998054575394033,0.43570934152981217,0.00019454246059750647,100
model,4,0.01082864038616251,0.9775,0.9998082804046117,0.43991443212394943,0.00019171959538932012,100
model,4,0.01091753774680604,0.9775,0.9998113385085873,0.4419677366797307,0.000188661491413785,100
model,4,0.01107749077490775,0.9775,0.9998143966125628,0.4470252140830151,0.00018560338743824984,100
model,4,0.011287208366854385,0.9775,0.9998174547165385,0.4503579120028272,0.0001825452834627147,100
model,4,0.011409691629955946,0.9775,0.999820512820514,0.45329920617425634,0.0001794871794871795,100
model,4,0.011578341013824885,0.9775,0.9998233356857221,0.4552713685746055,0.0001766643142789932,100
model,4,0.011797235023041475,0.9775,0.9998263937896976,0.46031204394346775,0.00017360621030345803,100
model,4,0.011935483870967743,0.9775,0.9998294518936732,0.46248506280441226,0.0001705481063279229,100
model,4,0.012081180811808118,0.9775,0.9998325099976487,0.4706328542286743,0.00016749000235238766,100
model,4,0.012289766970618034,0.9775,0.9998355681016242,0.47505284359603217,0.00016443189837685252,100
model,4,0.012540584415584416,0.9775,0.9998383909668324,0.481412428455617,0.00016160903316866617,100
model,4,0.012832792207792208,0.9775,0.9998414490708079,0.4883474161806841,0.00015855092919313103,100
model,4,0.013225806451612903,0.9775,0.9998445071747836,0.4985257541825516,0.0001554928252175958,100
model,4,0.013606741573033708,0.9775,0.9998475652787591,0.5033647033049506,0.0001524347212420607,100
model,4,0.013815126050420169,0.9775,0.9998506233827346,0.5074689622383118,0.00014937661726652552,100
model,4,0.014101382488479263,0.9775,0.99985368148671,0.5128150491579282,0.00014631851329099038,100
model,4,0.014462809917355372,0.9775,0.9998565043519182,0.5173645479047954,0.00014349564808280408,100
model,4,0.014701114488348531,0.9775,0.9998595624558937,0.5215824652312505,0.0001404375441072689,100
model,4,0.014981412639405204,0.9775,0.9998626205598691,0.5253380429868283,0.00013737944013173377,100
model,4,0.015235350624399615,0.9775,0.9998656786638446,0.530719810456831,0.00013432133615619857,100
model,4,0.015666299559471367,0.9775,0.9998687367678201,0.5348502777445873,0.00013126323218066343,100
model,4,0.015909090909090907,0.9775,0.9998715596330282,0.5433901593189515,0.00012844036697247713,100
model,4,0.01646566164154104,0.9775,0.9998746177370037,0.5502049668311275,0.0001253822629969419,100
model,4,0.01687062937062937,0.9775,0.9998776758409794,0.5541092148592146,0.00012232415902140674,100
model,4,0.01730814639905549,0.9775,0.9998807339449549,0.5617078354770169,0.00011926605504587155,100
model,4,0.017727272727272727,0.9775,0.9998837920489304,0.5644951848378955,0.00011620795107033637,100
model,4,0.01809216589861751,0.9775,0.9998866149141385,0.5675230215355973,0.00011338508586215004,100
model,4,0.018626728110599077,0.9775,0.999889673018114,0.5727554949445414,0.00011032698188661488,100
model,4,0.019603686635944702,0.9775,0.9998927311220897,0.5775055022471803,0.00010726887791107972,100
model,4,0.02006857855361596,0.9775,0.9998957892260651,0.5817551414968194,0.00010421077393554452,100
model,4,0.020722635494155154,0.9775,0.9998988473300406,0.5877534209950988,0.00010115266996000937,100
model,4,0.021565891472868217,0.9775,0.9999016701952488,0.5933424822606306,0.00009832980475182308,100
model,4,0.022877697841726618,0.9775,0.9999047282992244,0.6016130561312045,0.00009527170077628793,100
model,4,0.023444055944055943,0.9775,0.9999077864031999,0.606221313773945,0.00009221359680075276,100
model,4,0.024735973597359736,0.9775,0.9999108445071754,0.6115429570429566,0.00008915549282521757,100
model,4,0.02633825944170772,0.9775,0.999913902611151,0.6183988648180458,0.00008609738884968243,100
model,4,0.028184331797235024,0.9775,0.9999169607151265,0.6254053583245394,0.00008303928487414725,100
model,4,0.029530315969257044,0.9775,0.9999197835803346,0.632824910994092,0.00008021641966596096,100
model,4,0.031375,0.9775,0.9999228416843102,0.6413280855972667,0.0000771583156904258,100
model,4,0.03415314730694354,0.9775,0.9999258997882857,0.6523452742909258,0.00007410021171489064,100
model,4,0.03646682653876898,0.9775,0.9999289578922612,0.6651656206112722,0.00007104210773935547,100
model,4,0.04061188811188811,0.9775,0.9999320159962369,0.6741507827920864,0.0000679840037638203,100
model,4,0.043776683087027916,0.9775,0.9999348388614451,0.6830408009864526,0.000065161138555634,100
model,4,0.046908517350157726,0.9775,0.9999378969654206,0.6927047119547113,0.00006210303458009882,100
model,4,0.05556935817805383,0.9775,0.9999409550693961,0.7066321178821174,0.000059044930604563644,100
model,4,0.06082159624413146,0.9775,0.9999440131733717,0.7133661689188,0.00005598682662902849,100
model,4,0.06688388625592417,0.9775,0.9999470712773472,0.7243012338538651,0.000052928722653493305,100
model,4,0.07245998315080034,0.9775,0.9999498941425553,0.7314036127271416,0.00005010585744530701,100
model,4,0.08375565610859728,0.9775,0.9999529522465308,0.7383613216848505,0.000047047753469771844,100
model,4,0.1031872037914692,0.9775,0.9999560103505063,0.7449701409701405,0.000043989649494236675,100
model,4,0.11759075907590759,0.9775,0.9999590684544818,0.7555505050505045,0.0000409315455187015,100
model,4,0.14662525879917185,0.9775,0.9999621265584573,0.7690252525252521,0.00003787344154316631,100
model,4,0.19769775678866588,0.9775,0.9999649494236654,0.7800317460317454,0.000035050576334979996,100
model,4,0.23611524163568773,0.9775,0.9999680075276409,0.7892554112554108,0.00003199247235944483,100
model,4,0.3250874125874126,0.9775,0.9999710656316164,0.8009365079365074,0.000028934368383909658,100
model,4,0.37595753538717736,0.9625,0.9999727123029878,0.8041746031746027,0.00002728769701246765,100
model,4,0.45860109289617484,0.9625,0.9999757704069634,0.8234682539682534,0.000024229593036932483,100
model,4,0.5062821090581343,0.9475,0.9999774170783349,0.829571428571428,0.000022582921665490474,100
model,4,0.5952931769722815,0.9425,0.9999797694660083,0.8498095238095231,0.000020230533992001893,100
model,4,0.6407435344827587,0.93,0.999981651376147,0.8594285714285711,0.000018348623853211018,100
model,4,0.6998044965786901,0.91,0.9999828275699838,0.8664761904761902,0.00001717243001646672,100
model,4,0.7308366854384554,0.9,0.9999849447188899,0.8808095238095235,0.000015055281110326988,100
model,4,0.751564027370479,0.8775,0.9999858856739593,0.8851428571428569,0.00001411432604093155,100
model,4,0.7809213483146067,0.8625,0.9999872971065633,0.8950952380952379,0.000012702893436838394,100
model,4,0.8057654320987654,0.8475,0.9999889437779348,0.9079285714285713,0.00001105622206539638,100
model,4,0.8203412969283277,0.835,0.9999908256880735,0.9227619047619047,0.000009174311926605502,100
model,4,0.844368029739777,0.815,0.9999920018819103,0.9329244829244827,0.000007998118089861208,99
model,4,0.8782103524229075,0.7975,0.9999934133145143,0.9458393458393458,0.000006586685485768054,99
model,4,0.9016974030861874,0.7825,0.9999948247471184,0.9542568542568541,0.000005175252881674901,99
model,4,0.9292231638418079,0.765,0.9999962361797224,0.9651996151996152,0.0000037638202775817465,99
model,4,0.9402702702702703,0.745,0.9999974123735592,0.9754208754208754,0.00000258762644083745,99
model,4,0.963533173461231,0.725,0.9999985885673959,0.9846801346801347,0.0000014114326040931544,99
model,4,0.9752981427174976,0.6975,0.9999990590449306,0.9909090909090909,9.409550693954363e-7,99
model,4,0.983168202764977,0.6725,0.9999995295224653,0.994047619047619,4.7047753469771815e-7,98
model,4,0.990049504950495,0.6425,0.9999997647612326,0.9965986394557822,2.3523876734885908e-7,98
model,4,0.9945963229416467,0.61,0.9999997647612326,0.9948453608247423,2.3523876734885908e-7,97
model,4,0.9976457564575646,0.58,1,1,0,96
model,4,0.9990329436769394,0.5475,1,1,0,93
model,4,1,0.52,1,1,0,92
